{"valueType":"lists","values":[{"_typeName":"Organization","id":"ck2byqtp400vf0847aivdn669","stack":["Python"]},{"_typeName":"Organization","id":"ck2byqtpq00vr0847fab6wnp2","stack":["React","JavaScript"]},{"_typeName":"Organization","id":"ck2byqtov00vb0847qxjotf02","stack":["Django","Android","Java"]},{"_typeName":"Organization","id":"ck2byqtq200vz0847uwxn9ftl","stack":["Go-GraphQl","Android","Java"]},{"_typeName":"Organization","id":"ck2byqtpj00vn0847xxpyv440","stack":["Python","Node"]},{"_typeName":"Organization","id":"ck2byqtql00wb0847w8fvfyhe","stack":["SFML UI Library","C++"]},{"_typeName":"Organization","id":"ck2byqtpv00vv0847thdgg6w5","stack":["Django","JavaScript","Python","Semantic UI"]},{"_typeName":"Organization","id":"ck2byqtqf00w70847ywtoeexi","stack":["Android"]},{"_typeName":"Organization","id":"ck2byqtog00v7084787nwf6p1","stack":["Django","React","Android"]},{"_typeName":"Organization","id":"ck2byqtq900w30847gnkv9lso","stack":["MongoDB","ExpressJS","Node"]},{"_typeName":"Organization","id":"ck2byqtpc00vj0847dfybad0c","stack":["Android"]},{"_typeName":"Organization","id":"ck2c7ven1055p0847tmn2in9a","stack":["React","Web-Sockets","ExpressJS"]}]}