{"valueType":"relations","values":[[{"_typeName":"Project","id":"ck2lirkxg347h0847uodr9uha","fieldName":"organization"},{"_typeName":"Organization","id":"ck2byqtog00v7084787nwf6p1"}],[{"_typeName":"Project","id":"ck2lkflda36gt0847u97jx4wc","fieldName":"organization"},{"_typeName":"Organization","id":"ck2byqtog00v7084787nwf6p1"}],[{"_typeName":"Project","id":"ck2lkl4xl36op0847lwlvlfyi","fieldName":"organization"},{"_typeName":"Organization","id":"ck2byqtp400vf0847aivdn669"}],[{"_typeName":"Project","id":"ck2lmrknm37w308470dpw5341","fieldName":"organization"},{"_typeName":"Organization","id":"ck2byqtp400vf0847aivdn669"}],[{"_typeName":"Project","id":"ck2lxotnl3d6m08478rz4qmvb","fieldName":"organization"},{"_typeName":"Organization","id":"ck2byqtpq00vr0847fab6wnp2"}],[{"_typeName":"Project","id":"ck2lyv14g3dtw08478oxm5vzu","fieldName":"organization"},{"_typeName":"Organization","id":"ck2byqtpq00vr0847fab6wnp2"}],[{"_typeName":"Project","id":"ck2lzjh5v3dyk0847anh0r3sy","fieldName":"organization"},{"_typeName":"Organization","id":"ck2byqtpq00vr0847fab6wnp2"}],[{"_typeName":"Project","id":"ck2lnk3au38h10847gir7atyt","fieldName":"organization"},{"_typeName":"Organization","id":"ck2byqtpv00vv0847thdgg6w5"}],[{"_typeName":"Project","id":"ck2lncv6138at084781vta6n3","fieldName":"organization"},{"_typeName":"Organization","id":"ck2byqtpv00vv0847thdgg6w5"}],[{"_typeName":"Project","id":"ck2ljsyrf35ee0847vy0dx9nj","fieldName":"organization"},{"_typeName":"Organization","id":"ck2byqtqf00w70847ywtoeexi"}],[{"_typeName":"Project","id":"ck2lxutw03d880847y8lj1c5l","fieldName":"organization"},{"_typeName":"Organization","id":"ck2byqtqf00w70847ywtoeexi"}],[{"_typeName":"Project","id":"ck2lk8n6k36020847b2q2ribq","fieldName":"organization"},{"_typeName":"Organization","id":"ck2byqtqf00w70847ywtoeexi"}],[{"_typeName":"Project","id":"ck2lvqqk83c2f0847eh7d4raf","fieldName":"organization"},{"_typeName":"Organization","id":"ck2byqtqf00w70847ywtoeexi"}],[{"_typeName":"Project","id":"ck2lkjcqu36jp08470gn20ayv","fieldName":"organization"},{"_typeName":"Organization","id":"ck2byqtqf00w70847ywtoeexi"}],[{"_typeName":"Project","id":"ck2mw4sjp3nko0847l0dmjkfs","fieldName":"organization"},{"_typeName":"Organization","id":"ck2byqtql00wb0847w8fvfyhe"}],[{"_typeName":"Project","id":"ck2mvvqm93nhx0847w6djuhyq","fieldName":"organization"},{"_typeName":"Organization","id":"ck2byqtql00wb0847w8fvfyhe"}],[{"_typeName":"Project","id":"ck2mwmlnm3nlx0847rfa9so7w","fieldName":"organization"},{"_typeName":"Organization","id":"ck2byqtql00wb0847w8fvfyhe"}],[{"_typeName":"Project","id":"ck2mwokxq3nmm0847d6s1riaj","fieldName":"organization"},{"_typeName":"Organization","id":"ck2byqtql00wb0847w8fvfyhe"}],[{"_typeName":"Project","id":"ck2mwqxcu3nnc08473gpoo5d9","fieldName":"organization"},{"_typeName":"Organization","id":"ck2byqtql00wb0847w8fvfyhe"}],[{"_typeName":"Project","id":"ck2mwsmf93nnv0847s3kwoqan","fieldName":"organization"},{"_typeName":"Organization","id":"ck2byqtql00wb0847w8fvfyhe"}],[{"_typeName":"Project","id":"ck2mwjqfs3nle0847w8bnveoy","fieldName":"organization"},{"_typeName":"Organization","id":"ck2byqtql00wb0847w8fvfyhe"}],[{"_typeName":"Organization","id":"ck2byqtpq00vr0847fab6wnp2"},{"_typeName":"Mentor","id":"ck2ctwz2b05z90847xp4bapmh","fieldName":"organization"}],[{"_typeName":"Organization","id":"ck2c7ven1055p0847tmn2in9a"},{"_typeName":"Mentor","id":"ck2ctxybx05zw08470yztqzm2","fieldName":"organization"}],[{"_typeName":"Organization","id":"ck2byqtq200vz0847uwxn9ftl"},{"_typeName":"Mentor","id":"ck2ctzm3z060f08479mt8z2rk","fieldName":"organization"}],[{"_typeName":"Organization","id":"ck2c7ven1055p0847tmn2in9a"},{"_typeName":"Mentor","id":"ck2cuefe306l40847ppbrz011","fieldName":"organization"}],[{"_typeName":"Organization","id":"ck2byqtov00vb0847qxjotf02"},{"_typeName":"Mentor","id":"ck2cuf9s706lv0847f4dije4l","fieldName":"organization"}],[{"_typeName":"Organization","id":"ck2byqtql00wb0847w8fvfyhe"},{"_typeName":"Mentor","id":"ck2cugsma06mn0847i6i3evds","fieldName":"organization"}],[{"_typeName":"Organization","id":"ck2byqtp400vf0847aivdn669"},{"_typeName":"Mentor","id":"ck2cujxjq06r90847sxsxt64h","fieldName":"organization"}],[{"_typeName":"Organization","id":"ck2byqtpc00vj0847dfybad0c"},{"_typeName":"Mentor","id":"ck2cuku8q06tt0847yq2ha92a","fieldName":"organization"}],[{"_typeName":"Organization","id":"ck2byqtov00vb0847qxjotf02"},{"_typeName":"Mentor","id":"ck2cv7wgk08az08470e2ww4kt","fieldName":"organization"}],[{"_typeName":"Organization","id":"ck2byqtpv00vv0847thdgg6w5"},{"_typeName":"Mentor","id":"ck2cv945w08g408478zdb2cpx","fieldName":"organization"}],[{"_typeName":"Organization","id":"ck2byqtq900w30847gnkv9lso"},{"_typeName":"Mentor","id":"ck2cva1fe08h40847bn7of1ct","fieldName":"organization"}],[{"_typeName":"Organization","id":"ck2byqtq200vz0847uwxn9ftl"},{"_typeName":"Mentor","id":"ck2cvbbtj08kt0847zkvnvgu0","fieldName":"organization"}],[{"_typeName":"Organization","id":"ck2byqtpq00vr0847fab6wnp2"},{"_typeName":"Mentor","id":"ck2cvc79108mq084702vcbzq5","fieldName":"organization"}],[{"_typeName":"Organization","id":"ck2c7ven1055p0847tmn2in9a"},{"_typeName":"Mentor","id":"ck2cvh1oq08rc08473ohmtu79","fieldName":"organization"}],[{"_typeName":"Organization","id":"ck2byqtov00vb0847qxjotf02"},{"_typeName":"Mentor","id":"ck2cvna0v08us0847h2dnpgbn","fieldName":"organization"}],[{"_typeName":"Organization","id":"ck2byqtpj00vn0847xxpyv440"},{"_typeName":"Mentor","id":"ck2cvo1ua08v60847mxukd2vj","fieldName":"organization"}],[{"_typeName":"Organization","id":"ck2byqtqf00w70847ywtoeexi"},{"_typeName":"Mentor","id":"ck2d4lucm0dyx0847gt40i8x0","fieldName":"organization"}],[{"_typeName":"Organization","id":"ck2byqtpj00vn0847xxpyv440"},{"_typeName":"Mentor","id":"ck2d4njda0dzo084785u6hcmv","fieldName":"organization"}],[{"_typeName":"Organization","id":"ck2byqtq200vz0847uwxn9ftl"},{"_typeName":"Mentor","id":"ck2d4pio30e0g084703kqtc4f","fieldName":"organization"}],[{"_typeName":"Organization","id":"ck2byqtog00v7084787nwf6p1"},{"_typeName":"Mentor","id":"ck2d4r1xg0e170847heywixzw","fieldName":"organization"}],[{"_typeName":"Organization","id":"ck2c7ven1055p0847tmn2in9a"},{"_typeName":"Mentor","id":"ck2d4s0b40e1x0847mz0vqu07","fieldName":"organization"}],[{"_typeName":"Organization","id":"ck2byqtq200vz0847uwxn9ftl"},{"_typeName":"Mentor","id":"ck2d4spuy0e2b084712zu8t6u","fieldName":"organization"}],[{"_typeName":"Organization","id":"ck2byqtov00vb0847qxjotf02"},{"_typeName":"Mentor","id":"ck2d4u2hl0e2p0847e4rzhvlt","fieldName":"organization"}],[{"_typeName":"Organization","id":"ck2byqtpc00vj0847dfybad0c"},{"_typeName":"Mentor","id":"ck2d4v5tx0e3f0847fm40yoz6","fieldName":"organization"}],[{"_typeName":"Organization","id":"ck2byqtpv00vv0847thdgg6w5"},{"_typeName":"Mentor","id":"ck2d4w9kx0e45084732cqbafk","fieldName":"organization"}],[{"_typeName":"Organization","id":"ck2byqtpq00vr0847fab6wnp2"},{"_typeName":"Mentor","id":"ck2d4xrrj0e4s0847afpoowza","fieldName":"organization"}],[{"_typeName":"Organization","id":"ck2byqtpq00vr0847fab6wnp2"},{"_typeName":"Mentor","id":"ck2dgdm700fvb0847yrimher2","fieldName":"organization"}],[{"_typeName":"Organization","id":"ck2byqtq200vz0847uwxn9ftl"},{"_typeName":"Mentor","id":"ck2dkp7950hto0847gjso0zpa","fieldName":"organization"}],[{"_typeName":"Organization","id":"ck2byqtov00vb0847qxjotf02"},{"_typeName":"Mentor","id":"ck2dkpk7u0hu2084733owqqy2","fieldName":"organization"}],[{"_typeName":"Organization","id":"ck2byqtog00v7084787nwf6p1"},{"_typeName":"Mentor","id":"ck2mcy1gi3khn08470nhxu2x0","fieldName":"organization"}],[{"_typeName":"User","id":"ck2byqtpq00vr0847fab6wnp2"},{"_typeName":"Mentor","id":"ck2ctwz2b05z90847xp4bapmh","fieldName":"user"}],[{"_typeName":"User","id":"ck2c7ven1055p0847tmn2in9a"},{"_typeName":"Mentor","id":"ck2ctxybx05zw08470yztqzm2","fieldName":"user"}],[{"_typeName":"User","id":"ck2byqtq200vz0847uwxn9ftl"},{"_typeName":"Mentor","id":"ck2ctzm3z060f08479mt8z2rk","fieldName":"user"}],[{"_typeName":"User","id":"ck2c7ven1055p0847tmn2in9a"},{"_typeName":"Mentor","id":"ck2cuefe306l40847ppbrz011","fieldName":"user"}],[{"_typeName":"User","id":"ck2byqtov00vb0847qxjotf02"},{"_typeName":"Mentor","id":"ck2cuf9s706lv0847f4dije4l","fieldName":"user"}],[{"_typeName":"User","id":"ck2byqtql00wb0847w8fvfyhe"},{"_typeName":"Mentor","id":"ck2cugsma06mn0847i6i3evds","fieldName":"user"}],[{"_typeName":"User","id":"ck2byqtp400vf0847aivdn669"},{"_typeName":"Mentor","id":"ck2cujxjq06r90847sxsxt64h","fieldName":"user"}],[{"_typeName":"User","id":"ck2byqtpc00vj0847dfybad0c"},{"_typeName":"Mentor","id":"ck2cuku8q06tt0847yq2ha92a","fieldName":"user"}],[{"_typeName":"User","id":"ck2byqtov00vb0847qxjotf02"},{"_typeName":"Mentor","id":"ck2cv7wgk08az08470e2ww4kt","fieldName":"user"}],[{"_typeName":"User","id":"ck2byqtpv00vv0847thdgg6w5"},{"_typeName":"Mentor","id":"ck2cv945w08g408478zdb2cpx","fieldName":"user"}],[{"_typeName":"User","id":"ck2byqtq900w30847gnkv9lso"},{"_typeName":"Mentor","id":"ck2cva1fe08h40847bn7of1ct","fieldName":"user"}],[{"_typeName":"User","id":"ck2byqtq200vz0847uwxn9ftl"},{"_typeName":"Mentor","id":"ck2cvbbtj08kt0847zkvnvgu0","fieldName":"user"}],[{"_typeName":"User","id":"ck2byqtpq00vr0847fab6wnp2"},{"_typeName":"Mentor","id":"ck2cvc79108mq084702vcbzq5","fieldName":"user"}],[{"_typeName":"User","id":"ck2c7ven1055p0847tmn2in9a"},{"_typeName":"Mentor","id":"ck2cvh1oq08rc08473ohmtu79","fieldName":"user"}],[{"_typeName":"User","id":"ck2byqtov00vb0847qxjotf02"},{"_typeName":"Mentor","id":"ck2cvna0v08us0847h2dnpgbn","fieldName":"user"}],[{"_typeName":"User","id":"ck2byqtpj00vn0847xxpyv440"},{"_typeName":"Mentor","id":"ck2cvo1ua08v60847mxukd2vj","fieldName":"user"}],[{"_typeName":"User","id":"ck2byqtqf00w70847ywtoeexi"},{"_typeName":"Mentor","id":"ck2d4lucm0dyx0847gt40i8x0","fieldName":"user"}],[{"_typeName":"User","id":"ck2byqtpj00vn0847xxpyv440"},{"_typeName":"Mentor","id":"ck2d4njda0dzo084785u6hcmv","fieldName":"user"}],[{"_typeName":"User","id":"ck2byqtq200vz0847uwxn9ftl"},{"_typeName":"Mentor","id":"ck2d4pio30e0g084703kqtc4f","fieldName":"user"}],[{"_typeName":"User","id":"ck2byqtog00v7084787nwf6p1"},{"_typeName":"Mentor","id":"ck2d4r1xg0e170847heywixzw","fieldName":"user"}],[{"_typeName":"User","id":"ck2c7ven1055p0847tmn2in9a"},{"_typeName":"Mentor","id":"ck2d4s0b40e1x0847mz0vqu07","fieldName":"user"}],[{"_typeName":"User","id":"ck2byqtq200vz0847uwxn9ftl"},{"_typeName":"Mentor","id":"ck2d4spuy0e2b084712zu8t6u","fieldName":"user"}],[{"_typeName":"User","id":"ck2byqtov00vb0847qxjotf02"},{"_typeName":"Mentor","id":"ck2d4u2hl0e2p0847e4rzhvlt","fieldName":"user"}],[{"_typeName":"User","id":"ck2byqtpc00vj0847dfybad0c"},{"_typeName":"Mentor","id":"ck2d4v5tx0e3f0847fm40yoz6","fieldName":"user"}],[{"_typeName":"User","id":"ck2byqtpv00vv0847thdgg6w5"},{"_typeName":"Mentor","id":"ck2d4w9kx0e45084732cqbafk","fieldName":"user"}],[{"_typeName":"User","id":"ck2byqtpq00vr0847fab6wnp2"},{"_typeName":"Mentor","id":"ck2d4xrrj0e4s0847afpoowza","fieldName":"user"}],[{"_typeName":"User","id":"ck2byqtpq00vr0847fab6wnp2"},{"_typeName":"Mentor","id":"ck2dgdm700fvb0847yrimher2","fieldName":"user"}],[{"_typeName":"User","id":"ck2byqtq200vz0847uwxn9ftl"},{"_typeName":"Mentor","id":"ck2dkp7950hto0847gjso0zpa","fieldName":"user"}],[{"_typeName":"User","id":"ck2byqtov00vb0847qxjotf02"},{"_typeName":"Mentor","id":"ck2dkpk7u0hu2084733owqqy2","fieldName":"user"}],[{"_typeName":"User","id":"ck2byqtog00v7084787nwf6p1"},{"_typeName":"Mentor","id":"ck2mcy1gi3khn08470nhxu2x0","fieldName":"user"}]]}